num_hyperplanes,secs,nanos,abs_err_sum
0,21,505221018,0
1,12,354333524,0.7202134560800539
2,13,23682983,0.6514341805475343
4,2,928502041,4.642221210684742
8,0,864262688,9.962683693303152
16,0,47288789,26.79402799460145
32,0,23920335,47.83541898298902
64,0,30646111,46.936662824454345
